observable,state,bin,bak_raa,gwak_header_raa,bak_over_gwak_raa,raa_diff_pct,gwak_acc_pp,gwak_acc_pbpb,bak_acc_pp,bak_acc_pbpb,acc_only_ratio,gwak_eff_pp,gwak_eff_pbpb,bak_eff_pp,bak_eff_pbpb,acc_eff_ratio,residual_after_acc_pct,residual_after_acc_eff_pct
mid_pt,PR,6.5-9.0,0.319007710,0.337000000,0.946610415,-5.338958460,0.155559672,0.144328438,0.159267788,0.156733633,0.942802318,0.548411189,0.266107941,0.550451225,0.266126247,0.946244356,0.403912607,0.038685536
mid_pt,PR,9.0-12.0,0.292638123,0.296000000,0.988642306,-1.135769394,0.366513323,0.360181178,0.366124255,0.363768701,0.989086828,0.688179930,0.477057857,0.687966669,0.476802814,0.989309219,-0.044942640,-0.067412024
mid_pt,PR,12.0-15.0,0.307534810,0.308000000,0.998489644,-0.151035623,0.504553390,0.500990498,0.504332187,0.502142108,0.997269199,0.751560657,0.565702169,0.751518726,0.565813072,0.997018099,0.122378701,0.147594553
mid_pt,PR,15.0-20.0,0.329805122,0.331000000,0.996390096,-0.360990442,0.599496238,0.592761707,0.599601308,0.594382188,0.997448457,0.775060937,0.593342060,0.775064213,0.593489652,0.997204621,-0.106106886,-0.081680856
mid_pt,PR,20.0-25.0,0.387969816,0.388000000,0.999922207,-0.007779302,0.716390364,0.714661739,0.716684133,0.715464292,0.999287886,0.776181611,0.599492226,0.776085997,0.599149690,0.999736015,0.063477305,0.018624115
mid_pt,PR,25.0-40.0,0.429209134,0.430000000,0.998160777,-0.183922284,0.733369479,0.732423928,0.734043698,0.734649339,0.997887344,0.772853398,0.608747122,0.772375685,0.608734425,0.997291334,0.027401173,0.087180419
mid_pt,NP,6.5-9.0,0.386656651,0.409000000,0.945370784,-5.462921619,0.170139574,0.158502131,0.173638046,0.171952939,0.940730121,0.583240402,0.260390879,0.585247166,0.260254771,0.944460581,0.493304324,0.096372808
mid_pt,NP,9.0-12.0,0.379596314,0.384000000,0.988532069,-1.146793125,0.383762078,0.376245752,0.384262884,0.381477203,0.987573427,0.707981011,0.463580448,0.708190947,0.463289973,0.988485646,0.097070457,0.004696338
mid_pt,NP,12.0-15.0,0.376317039,0.377000000,0.998188433,-0.181156671,0.529159578,0.526894468,0.529022917,0.527780738,0.998062935,0.759559989,0.549396265,0.759512475,0.549559985,0.997703187,0.012574232,0.048636380
mid_pt,NP,15.0-20.0,0.399719127,0.400000000,0.999297817,-0.070218321,0.633113157,0.630072666,0.632713707,0.630678948,0.998408362,0.785816303,0.573035740,0.785779595,0.573069070,0.998303657,0.089087309,0.099584861
mid_pt,NP,20.0-25.0,0.413724641,0.414000000,0.999334881,-0.066511919,0.720689459,0.718352820,0.720323713,0.718913017,0.998713673,0.793474755,0.582156418,0.793451646,0.581791451,0.999311077,0.062200786,0.002382002
mid_pt,NP,25.0-40.0,0.448257442,0.452000000,0.991720005,-0.827999469,0.806353203,0.799304710,0.805610051,0.806172973,0.990566641,0.773798257,0.581018561,0.773853118,0.580991869,0.990682382,0.116434817,0.104738247
fwd_pt,PR,3.5-6.5,0.487563145,0.450000000,1.083473656,8.347365590,0.120754222,0.102937783,0.130664674,0.103917858,1.071865980,0.587037948,0.244805754,0.592721068,0.244843897,1.082074130,1.082941019,0.129337377
fwd_pt,PR,6.5-9.0,0.297665923,0.298000000,0.998878935,-0.112106491,0.311893666,0.305577765,0.311451123,0.305498210,0.998841148,0.647331314,0.445690591,0.647211624,0.445665603,0.998712458,0.003783119,0.016669176
fwd_pt,PR,9.0-12.0,0.295518998,0.296000000,0.998374995,-0.162500511,0.461635932,0.455914700,0.460547434,0.455519325,0.998508003,0.662841051,0.518575528,0.662821700,0.518626259,0.998381184,-0.013320709,-0.000619958
fwd_pt,PR,12.0-40.0,0.331132728,0.332000000,0.997387736,-0.261226409,0.602103602,0.591436114,0.598799864,0.590900647,0.995414222,0.668068946,0.549835570,0.668723768,0.549876513,0.996315710,0.198260559,0.107599058
fwd_pt,NP,3.5-6.5,0.426550332,0.430000000,0.991977516,-0.802248403,0.130479380,0.112183648,0.131292604,0.114096631,0.989361739,0.598330720,0.249467975,0.598830255,0.249425623,0.990355871,0.264390356,0.163743657
fwd_pt,NP,6.5-9.0,0.342729776,0.343000000,0.999212174,-0.078782585,0.336262785,0.328727121,0.335719732,0.328424445,0.999305144,0.668305606,0.435787138,0.668228663,0.435890732,0.998952624,-0.009303425,0.025982256
fwd_pt,NP,9.0-12.0,0.338935577,0.339000000,0.999809962,-0.019003845,0.476873431,0.470851775,0.476218254,0.470466470,0.999443959,0.676741332,0.509145868,0.676718270,0.509087332,0.999524814,0.036620639,0.028528332
fwd_pt,NP,12.0-40.0,0.370230041,0.372000000,0.995242044,-0.475795557,0.634685747,0.613240482,0.632119351,0.615293259,0.992633662,0.663578476,0.536715266,0.664034102,0.536653656,0.993429260,0.262773927,0.182477425
mid_cent,PR,Npart=27.12,0.577379096,0.652000000,0.885550761,-11.444923857,0.218870687,0.178924204,0.238360183,0.220868276,0.882230081,0.623353438,0.551517265,0.625278661,0.551428406,0.885097447,0.376396176,0.051216299
mid_cent,PR,Npart=87.19,0.512481040,0.579000000,0.885114058,-11.488594191,0.218870687,0.178924204,0.238360183,0.220868276,0.882230081,0.623353438,0.524746669,0.625278661,0.524763100,0.884927133,0.326896238,0.021123211
mid_cent,PR,Npart=131.00,0.452285002,0.510000000,0.886833338,-11.316666230,0.218870687,0.178924204,0.238360183,0.220868276,0.882230081,0.623353438,0.500047854,0.625278661,0.499783039,0.885423746,0.521775063,0.159199653
mid_cent,PR,Npart=188.20,0.376868733,0.426000000,0.884668387,-11.533161323,0.218870687,0.178924204,0.238360183,0.220868276,0.882230081,0.623353438,0.433859678,0.625278661,0.433946422,0.884777945,0.276379788,-0.012382531
mid_cent,PR,Npart=262.30,0.311645466,0.352000000,0.885356437,-11.464356303,0.218870687,0.178924204,0.238360183,0.220868276,0.882230081,0.623353438,0.350252655,0.625278661,0.350329534,0.884760642,0.354369670,0.067339659
mid_cent,PR,Npart=356.90,0.242296659,0.273000000,0.887533551,-11.246644906,0.218870687,0.178924204,0.238360183,0.220868276,0.882230081,0.623353438,0.263912692,0.625278661,0.263780704,0.885397650,0.601143614,0.241236388
mid_cent,NP,Npart=27.12,0.707206717,0.806000000,0.877427689,-12.257231131,0.261140531,0.207703497,0.293150823,0.267224443,0.872538229,0.668092985,0.571277955,0.671485680,0.571303614,0.876929746,0.560371944,0.056782474
mid_cent,NP,Npart=87.19,0.641682061,0.731000000,0.877814037,-12.218596282,0.261140531,0.207703497,0.293150823,0.267224443,0.872538229,0.668092985,0.549525402,0.671485680,0.549483664,0.877035748,0.604650633,0.088740927
mid_cent,NP,Npart=131.00,0.563981551,0.642000000,0.878475936,-12.152406435,0.261140531,0.207703497,0.293150823,0.267224443,0.872538229,0.668092985,0.519656287,0.671485680,0.519494797,0.877241748,0.680509598,0.140689534
mid_cent,NP,Npart=188.20,0.486711764,0.555000000,0.876958134,-12.304186637,0.261140531,0.207703497,0.293150823,0.267224443,0.872538229,0.668092985,0.450273056,0.671485680,0.450265589,0.876983678,0.506557103,-0.002912727
mid_cent,NP,Npart=262.30,0.435401442,0.496000000,0.877825487,-12.217451257,0.261140531,0.207703497,0.293150823,0.267224443,0.872538229,0.668092985,0.362923857,0.671485680,0.362710698,0.877484512,0.605962925,0.038858313
mid_cent,NP,Npart=356.90,0.360492871,0.411000000,0.877111608,-12.288839210,0.261140531,0.207703497,0.293150823,0.267224443,0.872538229,0.668092985,0.272708944,0.671485680,0.272522693,0.877568484,0.524146507,-0.052061547
fwd_cent,PR,Npart=27.12,0.847223645,0.766000000,1.106036090,10.603608989,0.161635879,0.116606872,0.177583024,0.116898644,1.095918741,0.612438347,0.502343411,0.617635500,0.502457348,1.104968089,0.923184247,0.096654411
fwd_cent,PR,Npart=109.10,0.707476105,0.640000000,1.105431414,10.543141399,0.161635879,0.116606872,0.177583024,0.116898644,1.095918741,0.612438347,0.444918822,0.617635500,0.445022669,1.104960804,0.868008997,0.042590663
fwd_cent,PR,Npart=225.20,0.566059516,0.512000000,1.105584993,10.558499288,0.161635879,0.116606872,0.177583024,0.116898644,1.095918741,0.612438347,0.309079172,0.617635500,0.309115218,1.105089827,0.882022708,0.044807704
fwd_cent,PR,Npart=356.90,0.461218829,0.417000000,1.106040358,10.604035758,0.161635879,0.116606872,0.177583024,0.116898644,1.095918741,0.612438347,0.197024841,0.617635500,0.197014255,1.105278094,0.923573663,0.068965813
fwd_cent,NP,Npart=27.12,0.873715283,0.854000000,1.023085811,2.308581149,0.195962483,0.137686403,0.203151887,0.139579791,1.022625078,0.635315193,0.523142982,0.634917563,0.523136478,1.021997744,0.045054040,0.106464729
fwd_cent,NP,Npart=109.10,0.723436194,0.708000000,1.021802534,2.180253382,0.195962483,0.137686403,0.203151887,0.139579791,1.022625078,0.635315193,0.470858081,0.634917563,0.470866223,1.021967365,-0.080434538,-0.016128850
fwd_cent,NP,Npart=225.20,0.538112440,0.526000000,1.023027453,2.302745313,0.195962483,0.137686403,0.203151887,0.139579791,1.022625078,0.635315193,0.333029014,0.634917563,0.332950066,1.022227367,0.039347318,0.078268913
fwd_cent,NP,Npart=356.90,0.425689359,0.416000000,1.023291727,2.329172729,0.195962483,0.137686403,0.203151887,0.139579791,1.022625078,0.635315193,0.215409213,0.634917563,0.215448253,1.021799849,0.065190041,0.146004933
